<?xml version="1.0" encoding="UTF-8"?>
<beans:beans xmlns="http://www.springframework.org/schema/mvc"
   xmlns:xsi="http://www.w3.org/2001/XMLSchema-instance"
   xmlns:beans="http://www.springframework.org/schema/beans"
   xmlns:context="http://www.springframework.org/schema/context"
   xmlns:aop="http://www.springframework.org/schema/aop"
   xsi:schemaLocation="http://www.springframework.org/schema/mvc https://www.springframework.org/schema/mvc/spring-mvc.xsd
      http://www.springframework.org/schema/beans https://www.springframework.org/schema/beans/spring-beans.xsd
      http://www.springframework.org/schema/context https://www.springframework.org/schema/context/spring-context.xsd
      http://www.springframework.org/schema/aop http://www.springframework.org/schema/aop/spring-aop-4.3.xsd">

   <!-- DispatcherServlet Context: defines this servlet's request-processing infrastructure -->
   
   <!-- Enables the Spring MVC @Controller programming model -->
   <annotation-driven />
   <!--@Controller를 읽어들이기 위한 객체들을  20~30개 생성하는 것-->

   <!-- Handles HTTP GET requests for /resources/** by efficiently serving up static resources in the ${webappRoot}/resources directory -->
   <resources mapping="/resources/**" location="/resources/" />

   <!-- Resolves views selected for rendering by @Controllers to .jsp resources in the /WEB-INF/views directory -->
   <beans:bean class="org.springframework.web.servlet.view.InternalResourceViewResolver">
      <beans:property name="prefix" value="/WEB-INF/views/" />
      <beans:property name="suffix" value=".jsp" />
   </beans:bean>
   
   <context:component-scan base-package="edu.bit.board.controller" /> <!--controller 만 스캔해라  -->
   
   <!-- AOP설정  -->
   <aop:config>
      <aop:aspect ref="LogAOP">            <!--edu.bit.board 이 패키지에 있는 모든 함수 (간단한 설명) -->
         <aop:pointcut id="publicM" expression="execution(* edu.bit.board..*.list*(..))"/>
         <aop:around pointcut-ref="publicM" method="loggerAop" />
      </aop:aspect>   
    </aop:config>   
   
   		<!-- 인터셉터 객체 생성 -->
	<beans:bean id="boardInterceptor" class="edu.bit.board.interceptor.BoardInterceptor">
	</beans:bean>
	
	<!-- Interceptor 설정 -->
	<interceptors>
	    <interceptor>
	        <mapping path="/list/**"/>         
	        <exclude-mapping path="/resources/**"/>
	        <beans:ref bean="boardInterceptor"/>
	    </interceptor>
	</interceptors>



	<!-- 인터셉터 객체 생성 -->
	<beans:bean id="recInterceptor" class="edu.bit.board.interceptor.RecInterceptor">
	</beans:bean>
	
	<!-- Interceptor 설정 -->
	<interceptors>
	    <interceptor>
	        <mapping path="/Area"/>         
	        <exclude-mapping path="/resources/**"/>
	        <beans:ref bean="recInterceptor"/>
	    </interceptor>
	</interceptors>
	
	
	
	<!-- <interceptors>

         <interceptor>

                  모든 경로에 대해 @Auth 어노테이션이 실행되도록 한다.

                  <mapping path="/**" /> 

                  /user/login은 또 다른 interceptor가 처리한다.

                          즉 컨트롤러에 매핑되어 있는 것이 아니므로 제외시킨다.

                  <exclude-mapping path="/user/login"/>



                  defaultServlet이 처리하는 경로는 제외

                  <exclude-mapping path="/assets/**"/>


         </interceptor>

	</interceptors> -->

   
 </beans:beans>