<?xml version="1.0" encoding="UTF-8"?>
<!DOCTYPE log4j:configuration PUBLIC "-//APACHE//DTD LOG4J 1.2//EN" "log4j.dtd">
<log4j:configuration xmlns:log4j="http://jakarta.apache.org/log4j/">

	<!-- Appenders -->
	<appender name="console" class="org.apache.log4j.ConsoleAppender">
		<param name="Target" value="System.out" />
		<layout class="org.apache.log4j.PatternLayout">
			<param name="ConversionPattern" value="[%d{yyyy-MM-dd HH:mm:ss}] %-5p: %c - %m%n" />
		</layout>
	</appender>
	
	<appender name="fileLogger" class="org.apache.log4j.DailyRollingFileAppender">
        <param name="file" value="e://logs//spring//spring.Log"/>
        <param name="Append" value="true"/>
        <param name="dataPattern" value=".yyyy-MM-dd"/>
        <layout class="org.apache.log4j.PatternLayout">
            <param name="ConversionPattern" value="[%d{yyyy-MM-dd HH:mm:ss}] %-5p: %F:%L - %m%n" />
        </layout>
    </appender>


	
	<!-- Application Loggers -->
	<logger name="edu.bit.board">
		<level value="info" />
	</logger>
	
	<!-- 3rdparty Loggers -->
	<logger name="org.springframework.core">
		<level value="info" />:
	</logger>
	
	<logger name="org.springframework.beans">
		<level value="info" />
	</logger>
	
	<logger name="org.springframework.context">
		<level value="info" />
	</logger>

	<logger name="org.springframework.web">
		<level value="info" />
	</logger>
	<logger name="jdbc">
		<level value="off" />
	</logger>
	
	<!-- JDBC Loggers -->
	<logger name="jdbc">
		<level value="off" />
	</logger>
	
	<logger name="jdbc.sqlonly">
		<level value="off" />
	</logger>
	
	<logger name="jdbc.sqltiming">
		<level value="DEBUG" />
	</logger>
	
	<logger name="jdbc.audit">
		<level value="off" />
	</logger>
	
	<logger name="jdbc.resultset">
		<level value="off" />
	</logger>

	<!-- Root Logger -->
	<root>
		<priority value="info" />
		<appender-ref ref="console" />
		<appender-ref ref="fileLogger"/>
	</root>
	
</log4j:configuration>
