<?xml version="1.0" encoding="UTF-8"?>
<!DOCTYPE mapper
  PUBLIC "-//mybatis.org//DTD Mapper 3.0//EN"
  "http://mybatis.org/dtd/mybatis-3-mapper.dtd">
<mapper namespace = "boardMapper">

	<!-- 게시판 글 작성 -->
   <insert id="insert">
	   INSERT INTO tbl_board(   boardNumber 
	   					      , boardTitle  
	   					      , boardContent
	   					      , userId
	   					      , categoryCode  )
	                 VALUES(    tbl_board_seq.NEXTVAL 
	                 		  , #{boardTitle}
	                 		  , #{boardContent}
	                 		  , #{userId}
	                 		  , #{categoryCode}  )
   
   </insert>

   
   <!-- 게시판 목록 조회 -->
   	<select id="listPage" resultType="edu.bit.hbly.vo.BoardVO" parameterType="edu.bit.hbly.vo.SearchCriteria">
   		SELECT  boardNumber, 
		        boardTitle, 
		        boardContent,
		        userId,
		        boardRegiDate,
		        boardHit
		 FROM ( 
		        SELECT boardNumber, 
		               boardTitle, 
		               boardContent, 
		               userId, 
		               boardRegidate, 
		               boardHit,
		               row_number() OVER(ORDER BY boardNumber DESC) AS rNum
		         FROM tbl_board
		         WHERE 1=1 AND categoryCode=#{categoryCode}
		         
		         <include refid="search"></include>
		                       ) MP
		WHERE rNum BETWEEN #{rowStart} AND #{rowEnd}
		ORDER BY boardNumber DESC
   	</select>
   	
   	<select id="listCount" parameterType="edu.bit.hbly.vo.SearchCriteria" resultType="int">
		SELECT COUNT(boardNumber)
		  FROM tbl_board
		  WHERE 1=1 AND categoryCode=#{categoryCode}
		  <include refid="search"></include>	
		   AND boardNumber > 0
	</select>
	
	<sql id="search">
		<if test="searchType != null">
			<if test="searchType == 't'.toString()">AND boardTitle LIKE '%' || #{keyword} || '%'</if>
			<if test="searchType == 'c'.toString()">AND boardContent LIKE '%' || #{keyword} || '%'</if>
			<if test="searchType == 'w'.toString()">AND userId LIKE '%' || #{keyword} || '%'</if>
			<if test="searchType == 'tc'.toString()">AND (boardTitle LIKE '%' || #{keyword} || '%') or (boardTitle LIKE '%' || #{keyword} || '%')</if>
		</if>
	</sql>
   	
   	<!-- 게시물 조회 -->
   	<select id="read" parameterType="int" resultType="edu.bit.hbly.vo.BoardVO">
	SELECT	boardNumber
		  , boardTitle
		  , boardContent
		  , boardRegidate
		  , userId
	 FROM tbl_board
	 WHERE boardNumber = #{boardNumber}
	</select>
	
	<!-- 게시물 수정 -->
	<update id="update" parameterType="edu.bit.hbly.vo.BoardVO">
		UPDATE tbl_board
		   SET boardTitle    =   #{boardTitle},
		   	   boardContent  =   #{boardContent}
		 WHERE boardNumber = #{boardNumber} 
	</update>
	
	<!-- 게시물 삭제 -->
	<delete id="delete" parameterType="int">
		DELETE 
		  FROM tbl_board
		 WHERE boardNumber = #{boardNumber}
	</delete>
	
	<!-- 게시판 조회수 -->
    <update id="boardHit" parameterType="int">
    	UPDATE tbl_board SET
    	boardHit = boardHit+1
    	WHERE boardNumber = #{boardNumber}
    </update>
   
</mapper>