<?xml version="1.0" encoding="UTF-8"?>
<beans xmlns="http://www.springframework.org/schema/beans"
	xmlns:xsi="http://www.w3.org/2001/XMLSchema-instance"
	xmlns:context="http://www.springframework.org/schema/context"
	xmlns:mybatis-spring="http://mybatis.org/schema/mybatis-spring"
	xmlns:aop="http://www.springframework.org/schema/aop"
	xsi:schemaLocation="http://mybatis.org/schema/mybatis-spring http://mybatis.org/schema/mybatis-spring-1.2.xsd
		http://www.springframework.org/schema/beans https://www.springframework.org/schema/beans/spring-beans.xsd
		http://www.springframework.org/schema/context http://www.springframework.org/schema/context/spring-context-4.3.xsd
		http://www.springframework.org/schema/aop http://www.springframework.org/schema/aop/spring-aop-4.3.xsd">
	
	
	<!-- 
	<aop:aspectj-autoproxy></aop:aspectj-autoproxy>
	<context:component-scan base-package="edu.bit.board.aop"></context:component-scan>	
	-->
<!-- 	
	<bean id="LogAOP" class = "edu.bit.board.aop.LogAOP">
	</bean>
 -->
<!-- AOP설정. -->
<!-- 	<aop:config>
		<aop:aspect ref="LogAOP">
			<aop:pointcut id="publicM" expression="within(edu.bit.board..*)"/>
		 	<aop:around pointcut-ref="publicM" method="loggerAop" />
		</aop:aspect>	
	</aop:config>-->
	
	
	<aop:aspectj-autoproxy></aop:aspectj-autoproxy>
	<context:component-scan base-package="edu.bit.board.aop">
	</context:component-scan>
	<bean id="LogAOP" class = "edu.bit.board.aop.LogAOP" />
	
</beans>

